{
  "shuffle": true,
  "subset": null,
  "min_freq": 75,
  "lower": true,
  "stem": false,
  "analyzer": "char_wb",
  "ngram_max_range": 6,
  "alpha": 0.0001,
  "learning_rate": 0.8005843335464569,
  "power_t": 0.35794811916655567,
  "num_epochs": 100,
  "threshold": 0.4266702749616159
}
